parameter,R,se,lcl,ucl,P_lrt
totaldistkm,0.703090139500016,0.240510042579291,0.0585251524889121,0.89411734182787,9.65000732427647e-40
cumulativedistkm,0.702366461568354,0.250112983802863,0.02369952921655,0.908677610915412,2.24302326652614e-39
durationdays,0.119202752653258,0.103999247078132,0,0.375557434714451,0.00134190506449532
straightness,0.540393912485477,0.2328593223167,0.0136271445067275,0.822279192108191,5.05236708951877e-21
start,0.120228493802596,0.10044142840997,0,0.36478276345367,0.00134835503689799
end,0.21636965890941,0.143233284451084,0,0.508139806679518,3.07061253127978e-07
speed,0.248327750391257,0.162292040170945,0,0.564509413146444,5.00805370583476e-08
