parameter,R,se,lcl,ucl,P_lrt
direct-line distance,0.53982688339442,0.229489757506949,0.0120226943218611,0.808916802635843,2.90088633581844e-25
travel distance,0.634492217667057,0.239363813549914,0.0183303591210158,0.866107413831022,1.37376096048052e-33
straightness,0.55470985450484,0.232145632076377,0.0163202735526948,0.834034324032192,1.59543287462595e-24
duration,0.125094313804611,0.104736803664443,0,0.374312925735663,0.00055790358122161
speed,0.366125535571939,0.194190450168313,0.000256501367724392,0.690330793551682,8.57497959887144e-15
start date,0.122831438426155,0.108732260211694,0,0.381921462374053,0.000265387614617827
end date,0.235929271838003,0.156252883847393,0,0.550031703759316,1.10821464264283e-08
