parameter,R,se,lcl,ucl,P_lrt
totaldistkm,0.703114214866151,0.238541724145731,0.0393649566841775,0.892757880294849,1.19426764100088e-39
cumulativedistkm,0.700024326311409,0.243764546027537,0.0299489979159405,0.901606608736073,7.75656758270969e-39
durationdays,0.0986910001937146,0.0914565560783546,0,0.331440407236521,0.00488391084610092
straightness,0.533879801169239,0.231304523840953,0.0130218817268436,0.816143174536264,2.43086081852884e-20
start,0.13257502275391,0.112045005879413,0,0.392921292278623,0.000460292384402297
end,0.21776445446985,0.148816433209016,0,0.515525681642586,2.94566338049036e-07
speed,0.25736736794121,0.169471322795262,0,0.591912113506926,1.95693920948271e-08
