parameter,R,se,lcl,ucl,P_lrt
totaldistkm,0.687893049666538,0.239281842809591,0.0483271871689449,0.888599361838683,2.07130350596626e-38
cumulativedistkm,0.698790331782479,0.242563813460148,0.0360920092018875,0.896316374882132,2.91493947658052e-39
durationdays,0.118357242462407,0.101557825725434,0,0.363203589366604,0.00139358837177294
straightness,0.545301036809795,0.230337586566872,0.0197033542224531,0.826031576365379,1.2759630432289e-21
start,0.118179098175951,0.097408004318393,0,0.343242531018011,0.00128266719282556
end,0.213112830717253,0.141709335420668,0,0.484410697152161,3.42905180415501e-07
speed,0.249818438609988,0.160353282045345,0,0.569171980330946,3.50238121424274e-08
