parameter,R,se,lcl,ucl,P_lrt
direct-line distance,0.541900528457412,0.228789593425969,0.0114503308652451,0.824867891783866,9.27788532074812e-26
travel distance,0.625199376526218,0.231245986500083,0.0324570494123484,0.861094291562644,1.0668520222101e-33
straightness,0.540783727690307,0.23382020276768,0.0168204605938402,0.817552128068467,7.57460959124661e-25
duration,0.128827761526527,0.107315237769703,0,0.373807348230366,0.00030148932428776
speed,0.354992630731997,0.193907046760834,0,0.667427369282474,2.98633528494802e-14
start date,0.123674085214986,0.0996678542946017,0,0.342323490484506,0.000249384146773344
end date,0.230889681375559,0.150949634823933,0,0.54284360505271,1.27478404710382e-08
