variable,R2_fixed_effects,R2_random_effects
totaldistkm,0.698184494117436,0.23259452533981
cumulativedistkm,0.724967319518801,0.097218777423476
durationdays,0.264789140441042,0.252306016103157
straightness,0.460078224884275,0.244881063931329
start,0.962567444349373,0
end,0.964768913457782,0
speed,0.332619731828569,0.176923130207191
